"text","cmp_code","eu_code"
"LES GRANDES ORIENTATIONS DE MON PROGRAMME PRESIDENTIEL","H",NA
"OBJECTIFS ET PROPOSITIONS","H",NA
"ASSURER LA SECURITE","H",NA
"Par l’augmentation des moyens de notre police, de notre justice et de nos armées","605.1",NA
"RENFORCER LES ENTREPRISES","H",NA
"Par la suppression complète des cotisations à la branche famille de la sécurité sociale","402",NA
"Par la réforme de notre impôt sur les sociétés, à la base élargie, mais dont les taux progressifs ne devront pas excéder 20%","402",NA
"Par la mise en oeuvre d’un plan de soutien à nos Très Petites Entreprises, incluant l’affectation à leur financement d’une part des placements d’assurance vie et la réforme du RSI","402",NA
"ETABLIR LA CONFIANCE ENTRE L’ENTREPRISE ET SES SALARIES","H",NA
"En associant davantage les salariés à la gestion des entreprises, les conseils d’administration des plus grandes devant comporter un tiers de représentants des salariés","701",NA
"En développant l’intéressement aux bénéfices, tout accord d’entreprise portant sur la définition de conditions de travail restrictives devant comporter une clause d’intéressement aux bénéfices","701",NA
"PROMOUVOIR L’EMPLOI DURABLE","H",NA
"En affectant prioritairement à la lutte contre le chômage les moyens de la formation professionnelle et en renforçant son efficacité par la généralisation d’une obligation de résultats","701",NA
"En accordant aux entreprises une aide liée à la conclusion de CDI","701",NA
"GARDER LE CAP D’UNE POLITIQUE BUDGETAIRE RESPONSABLE","H",NA
"En veillant à ne pas engager de dépenses nouvelles sans compensation","414",NA
"En veillant à ne pas alourdir la charge fiscale de nos contribuables","414",NA
"En veillant à la réduction de notre endettement public","414",NA
"CONSOLIDER NOTRE PROTECTION SOCIALE","H",NA
"Par l’adoption d’un système de retraites à points assorti de garanties","504",NA
"En assurant à nos agriculteurs de meilleures conditions de retraite","703.1",NA
"ASSURER L’EGALITE DES CHANCES PAR L’ECOLE","H",NA
"En rendant l’école obligatoire dès la maternelle","506",NA
"En maintenant le collège unique jusqu’à 16 ans","506",NA
"POURSUIVRE UNE POLITIQUE ENVIRONNEMENTALE DE CROISSANCE","H",NA
"Par la recherche d’économies d’énergie fondées sur l’innovation","416.2",NA
"Par le soutien aux énergies renouvelables, comme à la sûreté de l’énergie nucléaire civile","416.2",NA
"INSTITUER DE NOUVEAUX DROITS","H",NA
"Le droit de mourir dans la dignité","201.1",NA
"La possibilité pour toutes les femmes de recourir à la PMA sans conditions","604",NA
"Le droit de vote pour les étrangers résidents en situation régulière","607.1",NA
"La légalisation de l’usage du cannabis, sous contrôle de l’Etat","605.2",NA
"ETABLIR L’EGALITE REELLE ENTRE LES FEMMES ET LES HOMMES","H",NA
"Par l’extension des pénalités pour discriminations salariales","503",NA
"Par l’extension de la parité dans les organes de direction du secteur privé comme public","503",NA
"RENDRE NOS INSTITUTIONS PLUS EFFICACES","H",NA
"Par la fixation à sept ans, sans renouvellement, de la durée du mandat présidentiel","204",NA
"En restituant au Parlement la plénitude de sa compétence, par la suppression d’un domaine réservé au pouvoir règlementaire autonome","202.1",NA
"Par la définition de règles permettant l’accélération de la procédure d’adoption des lois","303",NA
"RELANCER LA CONSTRUCTION DE L’EUROPE","H",NA
"Par l’institution d’un gouvernement économique de la zone euro","108",NA
"Par l’impulsion d’une politique européenne de la défense","104",NA
"Par la promotion, dans les rapports commerciaux internationaux, d’un système de préférence européenne","406",NA
"prenant appui sur des normes sociales et environnementales","416.2",NA
"Par le développement des coopérations renforcées, notamment en matière fiscale et sociale","108",NA
"Mes priorités pour la France trouveront pleine application DANS LES OUTRE-MER.","706",NA
"La sécurité y sera renforcée.","605.1",NA
"La lutte contre le chômage, et contre la vie chère, y seront plus soutenues.","701",NA
"Un développement économique autocentré y sera activement recherché.","408",NA
"MON PROGRAMME PRESIDENTIEL","H",NA
"Un programme de gouvernement pour la France pendant cinq années doit s’appuyer sur des principes, pour définir un projet de société,réaliste, loyal et cohérent.","305.2",NA
"Mon programme repose : sur les principes de la République; sur la conviction que seul le principe de laïcité peut garantir l’unité dela France; sur la fidélité à l’engagement européen de la France:","305.2",NA
"Prenant l’appui de nouvelles bases pour la croissance et l’emploi (I),","410",NA
"mon projet est celui d’une France rassemblée autour des valeurs dela République (II),","601.1",NA
"renforcée par son appartenance à une Europe qui protège (III).","108",NA
"DE NOUVELLES BASES POUR LA CROISSANCE ET L’EMPLOI","H",NA
"La renaissance de l‘économie française doit reposer sur la confiance:","408",NA
"Confiance des entrepreneurs et des investisseurs dans le soutien qui leur sera apporté par les pouvoirs publics ;","408",NA
"Confiance des différents acteurs de l’entreprise, actionnaires, salariés, dirigeants, dans leur capacité à construire ensemble une activité rentable,","410",NA
"dont les fruits seront équitablement partagés.","503",NA
"La mise en place d’une politique de l’entreprise fondée sur la confiance doit être complétée par des initiatives spécifiques concernant certains secteurs de notre économie (logement, agriculture),","408",NA
"la défense de notre système de protection sociale, notamment dans le domaine de la santé, l’engagement résolu dans une politique environnementale de croissance.","504",NA
"Ces nouvelles bases pour la croissance et l’emploi devront s’inscrire dans le cadre d’une politique budgétaire responsable.","414",NA
"1.            RENFORCER L’ENTREPRISE","H",NA
"Par un cadre fiscal et social soutenable","H",NA
"Le cadre fiscal et social général dans lequel doivent aujourd’hui fonctionner les entreprises françaises est inadapté.","402",NA
"Les charges sociales qu’elles supportent, le plus souvent assises sur les salaires versés, pèsent sur le facteur travail et pénalisent à la fois l’emploi et la compétitivité.","402",NA
"La fiscalité atteignant le bénéfice des sociétés comporte une assiette anachronique, un taux excessivement élevé et favorise l’évasion fiscale et les pratiques d’optimisation.","402",NA
"La définition d’un cadre social et fiscal soutenable pour nos entreprises signifie:","402",NA
"Alléger et clarifier le dispositif de charges sociales","H",NA
"En dépit d’allègements partiels, complexes et subordonnés à de multiples conditions, les entreprises supportent un niveau de charges sociales excessif, et non toujours fondé.","402",NA
"Il n’existe pas, ainsi, de justification convaincante aux mesures tendant à faire supporter aux entreprises la charge du financement de la politique familiale nationale.","402",NA
"Les projets ou engagements de suppression de cette charge n’ont pas été conduits à leur terme.","402",NA
"Il faut y parvenir.","402",NA
"La politique familiale doit être financée par la collectivité nationale, et non par l’entreprise.","303",NA
"Je propose, pour toutes les entreprises, la suppression complète et immédiate de la cotisation employeur à la branche famille de la Sécurité sociale.","402",NA
"Le coût financier de la mesure trouvera compensation dans la suppression du dispositif complexe, inégalitaire et de faible efficacité de CICE.","402",NA
"Réformer l’impôt sur les sociétés","H",NA
"L’impôt français sur les sociétés a le taux le plus élevé d’Europe (33,33 %, sans compter les suppléments), alors qu’il est un de ceux qui rapportent le moins (30 milliards.","402",NA
"Avec un taux de 20%, l’impôt sur les sociétés du Royaume Uni rapporte 60 milliards).","402",NA
"En outre, les entreprises relevant de cet impôt sont imposables sur leurs seuls bénéfices réalisés en France, à l’exclusion de ceux réalisés ou constatés à l’étranger.","402",NA
"Ces caractéristiques ont pour effet de favoriser les délocalisations d’activités hors de France, vers des pays à fiscalité plus accueillante, et les pratiques d’optimisation fiscale tendant à délocaliser les bénéfices apparents vers les paradis fiscaux.","403",NA
"Je propose d’élargir la base imposable à l’impôt sur les sociétés, en particulier au point de vue de sa portée territoriale : cet impôt deviendrait un impôt mondial, atteignant l’ensemble des résultats des sociétés, en France comme à l’étranger, les résultats des succursales et filiales dépendantes étant pris en compte.","403",NA
"L’impôt atteignant ce résultat mondial sera taxé selon un barème progressif, comportant un taux maximum de 20%.","403",NA
"Le barème proposé est le suivant :  0% (franchise) pour les bénéfices admis à certains régimes incitatifs (ZFU, etc) ; 10 % de 0 à 20 000 euros de bénéfice net annuel ;  15% de 20 000 à 100 000 euros ; 20% pour la fraction du bénéfice excédant 100 000 euros.","403",NA
"Bien entendu, l’impôt calculé sur la base des résultats mondiaux de l’entreprise (mesure intéressant préférentiellement les grandes entreprises disposant d’implantations à l’étranger) viendraient en déduction les impôts payés à l’étranger sur les résultats étrangers (crédit d’impôt étranger, calculé pays par pays), afin d’éviter toute double imposition.","402",NA
"Ce dispositif permettra de mettre fin aux pratiques d’optimisation visant à loger les bénéfices dans les paradis fiscaux.","402",NA
"Un meilleur rendement de l’impôt doit être également obtenu par la taxation des profits réalisés en France par les entreprises étrangères opérant par la voie de l’économie numérique.","403",NA
"L’adaptation de notre fiscalité aux mutations technologiques est un impératif.","403",NA
"Par un soutien spécifique aux TPE, au commerce et à l’artisanat","H",NA
"Le Plan TPE : Les quelques trois millions et demi de très petites entreprises (TPE) sont les garantes du maintien de l’emploi et des savoir-faire dans nos territoires.","403",NA
"Elles doivent être soutenues par un ensemble cohérent de dispositions regroupées dans un «plan TPE», ainsi décliné :","403",NA
"Aider les TPE par les mesures suivantes :","403",NA
"Faciliter le recrutement de ressources humaines pour aider les TPE à se développer.","403",NA
"Pour ce faire, consolider les dispositifs prévus pendant le quinquennat en faveur de la première embauche (charges sociales très réduites pendant deux ans) notamment à l’issue d’un contrat d’apprentissage, mais aussi pour toute nouvelle embauche (puis 3e puis 4e etc. salarié).","403",NA
"Revoir les outils de garantie et de cautionnement, d’affacturage et de médiation également pour les rendre spécifiquement accessibles aux TPE :","403",NA
"•                par des mesures favorables aux groupements d’employeurs pour les TPE pour des recrutements à temps partiel","402",NA
"•                par des mesures sociales ciblées sur des postes-clefs pour l’export avec un abattement de charges qui éviteront les effets d’aubaine générés par le CICE.","402",NA
"Faciliter le financement des TPE en:","403",NA
"•                investissant 15% de l’assurance-vie dans les TPE","403",NA
"•                étendant aux TPE le dispositif « compte entrepreneur-investisseur » des start-up","403",NA
"Stimuler le secteur du bâtiment par :","409",NA
"•                un programme de rénovation thermique","409",NA
"•                 mise en accessibilité des bâtiments publics comparable au dispositif intéressant les bailleurs sociaux via un financement par des emprunts de très long terme (CDC).","409",NA
"•                l’accès à l’éco-PTZ (prêt à taux zéro) et au CITE pour la rénovation thermique des logements mis en location.","409",NA
"•                l’extension des aides fiscales à l’investissement logement aux opérations de rénovation.","409",NA
"Faciliter l’accès des TPE aux appels d’offres des marchés publics, dont une partie devra leur être réservée.","403",NA
"Accompagner les TPE","H",NA
"Mon « Plan TPE » comportera l’amélioration des mesures d’accompagnement des TPE, créateurs, repreneurs et cédants dans les territoires, par:","403",NA
"• Un maillage des services publics, avec des antennes au plus près des besoins grâce à la mutualisation des services publics, réseaux consulaires et aux nouvelles technologies.","303",NA
"• La fusion des services de proximité des CCI  CMA, en lien direct avec Pôle emploi pour les chômeurs créateurs repreneurs de TPE.","403",NA
"• L’allégement de la gestion administrative, toute information déjà donnée ne pouvant plus être à no uveau demandée, objectif supposant de :","303",NA
"•                 Equiper toutes les TPE d’un compte numérique les identifiant abritant toutes les données qu’elles souhaitent y entreposer (« l’armoire numérique sécurisée »)","H",NA
"•                En donner l’accès, sur validation du dirigeant, à toutes les entités publiques collectant des informations, des statistiques etc.","402",NA
"•                Identifier un référent TPE au sein de l’administration territoriale","303",NA
"•                Accélérer la dématérialisation des démarches administratives et la constitution de guichets uniques (déclarations, paiement, attestations, réclamations etc.)","303",NA
"•                Lutter contre l’épuisement des dirigeants des TPE, par une documentation sur cette réalité, et la mise en place d’un plan de prévention sanitaire et d’une campagne de détection du burn out","303",NA
"Réformer le RSI","H",NA
"Les très graves dysfonctionnements constatés dans la gestion du RSIdepuis sa création rendent sa réforme nécessaire.","504",NA
"Si les conclusions del’audit qui devra être immédiatement diligenté, et remis dans le délai detrois mois, ne permettent pas d’être assuré d’une correction très rapidede ses insuffisances, il faudra décider de supprimer les caisses RSIet de rattacher le régime des indépendants au régime général, afind’éviter la persistance des erreurs d’enregistrement et des délais depaiement.","504",NA
"La création auprès des caisses du régime général de guichetspécifique permettra de garantir aux indépendants la préservation desexonérations et allégements de cotisations dont ils bénéficient.","504",NA
"Les autres mesures de soutien au commerce et à l‘artisanat","H",NA
"Elles viseront à: Assurer le maintien de commerçants et d’artisans dans les territoires ruraux et les quartiers sensibles.","503",NA
"Il conviendra pour cela de: Mettre en place un plan de veille afin d’anticiper les difficultés du commerce et de lui proposer un accompagnement (mise en réseau, point-relais avec offre web, diversification, relais pharmacie, etc.)","403",NA
"•                Étoffer l’enveloppe du FISAC pour aider au maintien de ces commerces, sous condition, afin que tous les citoyens aient accès à une offre de proximité et ne soient pas relégués","503",NA
"•                Soutenir spécifiquement des commerces particuliers au regard de la nécessité de ne déserter aucun territoire, tels que : détaillants de presse, commerces culturels et points de vente de carburant isolés et ayant un débit faible (stations dites « de maillage »)","503",NA
"•                promouvoir un plan d’aide à la diversification (énergie électrique) et de soutien financier en fonction de conditions objectives et transparentes.","416.2",NA
"Penser l’urbanisme commercial à l’échelle de l’intercommunalité et en se donnant les moyens d’une régulation ambitieuse : Le commerce a un impact au-delà des communes: un schéma directeur doit être pensé au niveau intercommunal (en aménageant des règles permettant d’éviter une spécialisation territoriale discriminante) en intégrant les différentes centralités et les périphéries, les projets éventuels de requalification dans la stratégie du PLUI.","411",NA
"Amorcer un travail de fond au niveau européen sur les règles encadrant l’implantation des commerces afin de desserrer la contrainte des 1000 m2 lorsqu’elle est néfaste pour le commerce de proximité et que la sauvegarde de ce dernier est en jeu.","403",NA
"Accompagner commerçants et artisans dans leurs mutations :","403",NA
"•                accompagnement vers la constitution de réseaux locaux des acteurs du commerce  artisanal qui seront porteurs de projets collectifs, de dynamique territoriales.","304",NA
"accompagnement vers le numérique et de nouvelles approches des clientèles.","411",NA
"Mettre en place un observatoire de la vacance commerciale pour déclencher rapidement une aide","411",NA
"accompagnement aux communes concernées afin de contribuer à remédier à la dégradation du centre-ville mais aussi pour diagnostiquer les facteurs généraux amenant à cette dégradation et les leviers d’action mobilisable.","411",NA
"2 REFORMER L’ENTREPRISE","H",NA
"Bien des programmes politiques proposent d’aider nos entreprises, afin de les rendre plus compétitives.","402",NA
"Nombre d’entre eux, y compris lorsqu’ils prétendent s’inscrire dans le camp de la gauche degouvernement, ou dans celui du progrès, admettent aussi que la compétitivité de l’entreprise passepar la « flexibilité du travail », hors de laquelle les « réformes » ne seraient pas suffisantes.","701",NA
"La réformeproposée est alors, en fait, celle du droit de travail, ayant pour perspective sa plus grande précarité, etnon pas celle de l’entreprise, dont il est rarement question.","701",NA
"Avec les radicaux, je veux pour ma part placer la réforme de l’entreprise au coeur de mon projet économiqueet social.","402",NA
"Au contraire d’une fragilisation de l’emploi pour les salariés, ma démarche postule qu’il ne peutexister d’économie d’entreprise confiante et solidaire sans l’association durable des salariés à l’aventure qu’ilspartagent avec leurs autres partenaires, actionnaires ou dirigeants, au sein de l‘entreprise.","701",NA
"Rejetant aussi bien la conception de l’économie vue comme une lutte des classes opposant patronset ouvriers, que les théories à la mode selon lesquelles la compétitivité des entreprises passe par laprécarité des emplois, je souhaite fonder le renouveau de notre économie sur une vision nouvelle del’entreprise, regardée comme une communauté d’acteurs solidaires, associant dans un élan communet une égale dignité apporteurs de capitaux et apporteurs de ressources humaines.","402",NA
"Réformer l’entreprise signifie alors :  Réformer sa gouvernance, pour associer davantage les salariés à la gestion de l’entreprise","701",NA
"• Promouvoir la répartition équitable des produits de l’entreprise entre apporteurs de capitaux et ap porteurs de ressources humaines","701",NA
"• Privilégier l’emploi durable des salariés dans l’entreprise","701",NA
"Une nouvelle gouvernance pour l’entreprise","H",NA
"Je pense qu’il est temps de rendre effectif le principe posé à l’article 8 de la Constitution de 1946,qui fait partie des Droits de l’homme et principes de souveraineté nationale sur lesquels repose notreRépublique, selon lequel tout travailleur participe, par l’intermédiaire de ses délégués, non seulementà la détermination collective des conditions de travail, mais aussi à la gestion des entreprises.","701",NA
"Les dispositions actuelles de la loi ne prévoient qu’une association limitée des salariés à la gestiondes entreprises.","701",NA
"Elle doit être fortement accrue.","701",NA
"Je propose que dans les entreprises employant aumoins mille salariés dans la société et ses filiales, la représentation des salariés dans les conseilsd’administration et conseils de surveillance soit portée au tiers de leurs membres (ou au nombre immédiatement inférieur au 1/3 en cas de composition ne permettant pas d’atteindre ce pourcentage).","701",NA
"Une répartition équitable et solidaire des produits de l’entreprise","H",NA
"La loi prévoit aujourd’hui un dispositif facultatif d’intéressement des salariés aux résultats ou aux performancesde l’entreprise, ainsi qu’un dispositif de participation aux résultats obligatoire pour les entreprisesd’au moins 50 salariés, et qui permet de redistribuer aux salariés une partie des bénéficesréalisés par leur entreprise.","701",NA
"La promotion de l’entreprise équitable et solidaire conduit à rechercher lerenforcement de ces dispositifs.","701",NA
"La participation des salariés aux résultats de l’entreprise doit être adaptée aux changements intervenusdepuis sa définition initiale (écart croissant entre bénéfice comptable et bénéfice fiscal, baisse destaux de rendement du capital financier, etc.).","701",NA
"La formule permettant de fixer le montant de la réservespéciale de participation devrait ainsi se référer, non au bénéfice fiscal de l’entreprise, mais à son bénéficecomptable avant impôt.","701",NA
"Une clause d’intéressement des salariés aux bénéfices de l’entreprise devra accompagner systématiquementtout accord d’entreprise conclu en vertu de la « loi Travail » pour adapter l’organisation del’entreprise (rémunérations, durée du travail) afin de préserver ou développer l’activité et l’emploi.","701",NA
"Privilégier l’emploi durable","H",NA
"Sans être aveugles aux nécessités d’ajustement des entreprises aux aléas de la conjoncture, je souhaitefavoriser l’emploi durable, condition nécessaire d’une réforme de l’entreprise considérée commeune communauté d’acteurs solidaires.","701",NA
"Dans ce but sera institué un crédit d’impôt, simple et de portée générale, en faveur des contrats d’emploidurable : le crédit d’impôt CDI, qui pourrait être égal à 1,5% des salaires rémunérant les CDI, dansla limite de 2 fois le SMIC.","701",NA
"3 UNE POLITIQUE DU LOGEMENT AU SERVICE DU VIVRE ENSEMBLE, DE LA CROISSANCE ET DES ECONOMIES D’ENERGIE","H",NA
"En matière de logement, les efforts entrepris doivent être poursuivis et amplifiés.","411",NA
"Ma politique du logementrépondra à quatre objectifs principaux :","411",NA
"Favoriser le vivre ensemble, par l’application effective de la loi SRU","504",NA
"Pérenniser les dispositifs de relance (PTZ neuf, ancien, investissement locatif), qui, portant désormaisleurs fruits, répondent à la demande de logements et soutiennent l’activité BTP","409",NA
"Soutenir activement les programmes de rénovation.","H",NA
"Alors que les mesures de soutien à la construction de logements ont jusqu’ici favorisé les investissementsen logements neufs, il convient désormais de soutenir activement les programmes de rénovation par:","411",NA
"•                La définition d’un plan de rénovation d’ampleur pour les parcs privés et publics","411",NA
"•                La définition de mesures d’aide fiscale à l’investissement en rénovation.","411",NA
"Soutenir et étendre l’action en faveur de logements économes en énergie.","H",NA
"La construction de logements doit être respectueuse des objectifs d’économie d’énergie.","501",NA
"Cet objectif doit être étendu aux logements existants.","501",NA
"Dans cette perspective, l’Éco-PTZ doit être ouvert aux logements mis en location lorsque les propriétaires ont des revenus modestes.","501",NA
"Les entreprises éco-responsables doivent être favorisées pour réaliser ces travaux (principe d’éco-conditionnalité)","416.2",NA
"Les moyens de l’ANAH doivent être renforcés pour favoriser la rénovation des logements des propriétaires occupants modestes.","501",NA
"4 UNE AGRICULTURE RESOLUMENT DEFENDUE","H",NA
"Réforme de la PAC.","703.1",NA
"Notre agriculture dépend largement des soutiens qui lui sont apportés par l’Europe.","703.1",NA
"Les orientations de la PAC demeurent toutefois trop favorables à des pratiques agricoles productivistes,négligentes au regard des perspectives d’emploi dans le secteur agricole.","703.1",NA
"La PAC doit être réformée, la répartition des aides devant à l’avenir prendre aussi en compte :","703.1",NA
"• Les unités de main d’oeuvre présentes à la ferme, afin de protéger l’emploi plutôt que d’encourager la seule mécanisation,","703.1",NA
"• La rémunération des services rendus par une agriculture respectueuse des équilibres, des ressources et de l’eau en particulier, des biodiversités sauvages et domestiques, du climat et de la santé.","703.1",NA
"Les actions nationales et régionales.","703.1",NA
"Les actions nationales et régionales de politique agricole devront :","703.1",NA
"• Soutenir l’action des CUMA et autres coopératives agricoles","703.1",NA
"• Faciliter l’installation des jeunes agriculteurs","703.1",NA
"• Prévoir des dispositifs de soutien à l’investissement des petites entreprises agricoles","703.1",NA
"• Veiller à l’amélioration du dispositif de retraites agricoles","703.1",NA
"Elles devront également :      S’attacher à une plus juste répartition des marges entre producteurs, intermédiaires et grande distribution ;","703.1",NA
"Soutenir l’agriculture biologique et raisonnée sur des circuits courts ;","501",NA
"Favoriser le bio et les repas sous label de qualité dans la restauration scolaire collective ;","501",NA
"Veiller à des conditions d’abattage plus respectueuses des animaux","501",NA
"Sera mise à l’étude une assurance récolte obligatoire pour soutenir les agriculteurs contre les aléas climatiques et sanitaires.","703.1",NA
"5 UNE POLITIQUE SOCIALE CLAIRE, SOLIDAIRE ET RESPONSABLE","H",NA
"La politique sociale de la France doit viser à la préservation de notre modèle tel qu’édifié depuis le siècle dernier, et progressivement amélioré.","504",NA
"Elle doit prendre en compte de façon réaliste les contraintes financières liées au contexte économique ou à l’évolution démographique.","414",NA
"Elle doit prioritairement assurer la protection des plus démunis.","504",NA
"Nous ne pouvons, ainsi, partager les propositions d’institution d’un revenu universel minimum qui serait alloué à tout individu, quel que soit le niveau de ses ressources ou l’importance de son patrimoine.","505",NA
"Nous rechercherons, en revanche, la simplification des dispositifs d’allocations, comme un meilleur accès à leur bénéfice par la mise en place d’un guichet unique, et étudierons la faisabilité d’une fusion des minima sociaux.","303",NA
"En ce qui concerne les retraites, notre système actuel de retraite par répartition ne survit qu’au prix decontraintes de plus en plus fortes, touchant notamment au recul de l’âge de la retraite.","303",NA
"Or celui-ci n’estjustifié ni par l’allongement de la durée de vie, qui n’apparaît plus progresser, ni par l’état du marché dutravail, qui n’est pas en faveur de l’emploi des séniors.","504",NA
"Je propose la mise en place d’un système de retraites par points permettant de cumuler, de manièreflexible, des droits acquis tout au long de la vie.","504",NA
"Le système proposé conserverait le principe de la solidarité intergénérationnelle, les cotisations des actifsservant à payer les pensions des retraités, mais la pension de chaque individu serait proportionnelleau travail qu’il aura fourni tout au long de sa vie.","504",NA
"Ce système permettrait une plus grande liberté dans le choix de l’âge de départ à la retraite, avec lasuppression d’un âge pivot et le jeu d’abattements ou au contraire de surcote, selon que le départ seraitanticipé ou différé.","504",NA
"Le système proposé devra être compatible avec le maintien des mécanismes de solidarité commel’attribution de points gratuits pendant les périodes de chômage, de maladie, de congé maternité, ainsiqu’avec la garantie d’un socle de retraite de base.","504",NA
"Le minimum vieillesse (Allocation de Solidarité aux Personnes Agées) devra être progressivement porté à 85% du SMIC pour compenser l’insuffisance du pouvoir d’achat des personnes âgées les plus pauvres.","504",NA
"6 UNE POLITIQUE DE SANTE EGALITAIRE ET PERFORMANTE, FINANCIEREMENT SOUTENABLE","H",NA
"Lutte contre les déserts médicaux.","504",NA
"L’exigence d’égalité en matière de santé oblige à engager unelutte déterminée contre les déserts médicaux, ruraux comme urbains.","703.1",NA
"Par une redéfinition des critèresde présence des hôpitaux et des maternités.","303",NA
"Par le recours au numérique, le développement de latélé-médecine et la mise en commun des ressources des hôpitaux.","303",NA
"L’implantation de médecins dansdes territoires sous-dotés doit être encouragée par le renforcement des mécanismes incitatifs.","703.1",NA
"L’objectif de qualité et d’efficacité des soins doit être constamment poursuivi, notamment par:","303",NA
"• Le développement des investissements pour la recherche","411",NA
"• Le renforcement des moyens de traitement des cancers et maladies rares, comportant notamment une augmentation des effectifs des services de cancérologie","403",NA
"• Le renforcement du dispositif de lutte contre les affections cardio-vasculaires (Institut dédié et Plan comparables à ceux prévus en matière de cancers), et de lutte contre le diabète et l’obésité","403",NA
"• Le renforcement des moyens du Plan Autisme","504",NA
"• Une meilleure ouverture de la profession, assortie des formations en rapport avec les besoins de traitements spécialisés","704",NA
"La maîtrise des dépenses de santé doit être recherchée, par :","704",NA
"• Un soutien beaucoup plus résolu aux politiques de prévention, génératrices d’économies dans les dépenses de traitement","403",NA
"• L’investissement dans la santé à l’école et au travail","403",NA
"• L’amélioration du parcours de soin du malade","504",NA
"• Une évaluation améliorée de la politique conventionnelle, impliquant le contrôle du Parlement","303",NA
"• Un contrôle renforcé des marges de l’industrie pharmaceutique, en vue de l’abaissement du coût de certains traitements","403",NA
"• La généralisation des génériques","403",NA
"• La délivrance de médicaments à l’unité","403",NA
"• Le développement de la chirurgie ambulatoire","411",NA
"7 UNE POLITIQUE ENVIRONNEMENTALE AU SERVICE DU DEVELOPPEMENT ECONOMIQUE","H",NA
"Les radicaux ont été les pionniers de l’engagement écologique avec Michel Crépeau en 1981, ils ont étéaux côtés de Brice Lalonde et de Génération Ecologie dès 1984.","501",NA
"Avec nos partenaires, je poursuivraiavec résolution les objectifs de protection de l’environnement, de lutte contre le réchauffement climatiqueet de promotion des économies d’énergie.","501",NA
"Je ne veux pas, toutefois, séparer ces objectifs environnementaux de l’exigence de progrès scientifique,indispensable à l’émancipation des hommes, et de l’exigence de croissance économique, nécessaireau règlement des déséquilibres économiques, démographiques et sociaux qui menacent la stabilité du monde.","501",NA
"C’est pourquoi je fais clairement le choix de l’écologie de progrès, et non de repli sur le passé, le choixd’une politique environnementale au service du développement économique, plus incitative que répressivedans ses moyens.","416.2",NA
"Ce choix trouvera une illustration en matière de politique énergétique, à travers :","416.2",NA
"• Un soutien déterminé aux énergies renouvelables (éolien terrestre et éolien flottant en mer, solaire, géothermie, etc.), dont le développement ne doit pas être entravé par des obstaclestrop systématiquement dressés à l’encontre des projets concrets de mise en oeuvre (recourscontre tel ou tel usage d’espace ou de terrain, etc.)","501",NA
"• Non exclusif du choix d’un maintien à niveau suffisant du nucléaire civil, non préjudiciableau climat, à l’origine de progrès scientifiques et techniques déterminants, garantie d’activité etd’emploi pour de nombreux territoires, facteur d’indépendance énergétique","416.2",NA
"Les risques et inconvénients du nucléaire civil dans sa technologie actuelle (fission) doivent être maîtriséspar le contrôle et le renforcement des mesures de sûreté.","403",NA
"La recherche en vue de l’usage detechnologies nouvelles (fusion nucléaire) doit être préservée et encouragée.Le perfectionnement de la politique environnementale peut être par ailleurs recherché au travers demesures diverses telles que:","411",NA
"• L’encouragement à l’emploi généralisé de modes de construction innovants, faisant appel à des matériaux propres et bio-sourcés","501",NA
"• La généralisation des incitations à l’économie d’énergie dans les logements, par l’extension des mesures d’aide aux logements anciens mis en location","501",NA
"• L’accroissement et l’adaptation des parts et modalités d’énergies renouvelables en fonction des ato uts propres à chaque territoire","416.2",NA
"• En matière de gestion des déchets, l’encouragement au recyclage, et notamment à l’incorporation dans les produits de matières recyclées","501",NA
"8 UNE POLITIQUE BUDGETAIRE RESPONSABLE","H",NA
"Le programme économique et social que je présente comporte un certain nombre de mesures nouvellesqui représentent un coût.","414",NA
"Même si aucune d’entre elles n’est de portée financière telle qu’elle détermineraitun bouleversement de l’équilibre de nos comptes publics.","414",NA
"Pour autant, j’entends inscrire résolumentmes engagements dans la continuité d’une politique budgétaire responsable.","414",NA
"Contrairement à d’autres, jene soutiendrai pas l’idée qu’il faut s’évader de toutes contraintes, creuser librement nos déficits pour finalement,avec l’accroissement de notre dette, reporter sur nos enfants le poids des largesses du moment.","414",NA
"Les mesures nouvelles que je propose devront donc trouver contrepartie.","414",NA
"Ailleurs que dans l’augmentation d’une pression fiscale, déjà trop lourde, exercée sur les ménages.","414",NA
"Cepourquoi mon programme ne prévoit pas de réforme significative de la fiscalité des particuliers qui devraêtre allégée, en particulier pour les classes moyennes qui ont supporté l’essentiel de l’effort fiscal desannées de crise, dès que sera trouvé le chemin d’une croissance plus forte et plus durable.","414",NA
"II. UNE FRANCE RASSEMBLEE AUTOUR DES VALEURS DE LA REPUBLIQUE","H",NA
"Notre pays est en mal d’unité.","606.1",NA
"Pour le rassembler, il n’est pas d’autre chemin que celui des valeurs dela République.","606.1",NA
"Celles inscrites dans notre devise.","601.1",NA
"Celle qu’exprime le principe de laïcité.Nos droits doivent être protégés, à commencer par l’un des premiers d’entre eux, qui est le droit à lasécurité.","601.1",NA
"Nos libertés doivent être élargies, par de nouvelles conquêtes, en lien avec les évolutions de nos sociétés.","201.1",NA
"Une égalité réelle entre les femmes et les hommes doit être assurée.","503",NA
"L’égalité des chances pour tous les enfants de la République doit être assurée par l’école.","503",NA
"Prolongéepar une politique culturelle ambitieuse.","502",NA
"Ces exigences, comme celles liées au développement économique et social, doivent trouver les réponsesspécifiques qu’appelle le particularisme de chacun des outre-mer.","706",NA
"Pour la conduite des actions utiles à l’ensemble de ces missions, les institutions de la Républiquedoivent être efficaces.","303",NA
"Et prendre appui sur une fonction publique et des services publics préservés etadaptés.","303",NA
"1 ASSURER L’EFFICACITE DE NOS INSTITUTIONS POLITIQUES","H",NA
"S’agissant des institutions politiques dans le cadre desquelles s’inscrit l’action républicaine, les Radicauxdemeurent fidèles au modèle de la démocratie parlementaire, dans laquelle tous les citoyens sontsoumis à la loi commune, élaborée par leurs représentants élus.","202.3",NA
"L’exécutif est en charge de leur application,le pouvoir judiciaire veille à leur respect et sanctionne les manquements qui y sont apportés.","202.1",NA
"LesRadicaux demeurent également attachés à une organisation de la vie politique appuyée sur des partis politiques responsables, dont le rôle est affirmé par l’article 4 de la Constitution.","304",NA
"Si la question institutionnelle n’est pas, aujourd’hui, au centre des préoccupations des Français, il resteutile de rechercher une meilleure efficacité de nos institutions, nos concitoyens attendant une réponserapide et forte des pouvoirs publics aux graves problèmes qui se posent à la France.","202.1",NA
"Je proposerai enconséquence les réformes visant à restituer au Président de la République les conditions d’une actionlibre et résolue, et au Parlement la plénitude de ses compétences naturelles, ainsi que les moyens d’uneprocédure législative plus rapide et efficiente.","305.1",NA
"Un Président qui agit, sans la contrainte des perspectives électorales","H",NA
"L’action du Président de la République est aujourd’hui compromise par les caractéristiques du mandat présidentiel.","204",NA
"Le mandat de cinq ans renouvelable a pour effet :    • d’entraver la liberté d’action du Président au cours de son premier mandat par la perspective d’une nouvelle élection, à brève échéance ;","204",NA
"• de lier trop étroitement les élections présidentielle et législatives, au détriment d’une claire séparation des pouvoirs ;","202.1",NA
"• de borner à l’excès, dans le temps, le champ d’action du Président, beaucoup de réformes d’ampleur réclamant plusieurs années pour leur préparation, leur mise en oeuvre et l’évaluation de leurs effets","202.3",NA
"Un mandat unique de 7 ans donnerait au Président plus de liberté et de capacité d’action.","204",NA
"Je propose de fixer la durée du mandate présidentiel à 7 ans, sans possibilité de renouvellement.","204",NA
"Un Parlement dont la compétence législative n’est pas bornée par les empiètements d’autrespouvoirs","H",NA
"Le Gouvernement et l’administration ne doivent pas disposer du pouvoir de fixer des règles généralessans aucune intervention du Parlement.","202.1",NA
"Je propose en conséquence de supprimer l’article 37 de la Constitution (domaine des « règlementsautonomes »), la loi devant fixer les règles applicables en tous domaines.","202.1",NA
"La mesure est aujourd’hui d’autant plus justifiée que la compétence de fixation de nombreuses règles aété transférée soit aux institutions européennes soit aux collectivités territoriales (décentralisation).","202.1",NA
"Bienentendu, le Gouvernement et l’administration conservent leur compétence en matière de règlementsd’application des lois.","202.1",NA
"La mise en place d’autorités administratives ou publiques indépendantes, dotées de pouvoirsnormatifs et de compétences quasi-juridictionnelles, doit être limitée et contrôlée.","303",NA
"Le nombre des AAI et API doit être réduit.","303",NA
"La nomination de leurs responsables doit être subordonnée à un accordpréalable, supposant une majorité qualifiée, de l’Assemblée nationale et du Sénat.","202.1",NA
"Une procédure législative permettant une adoption plus rapide des textes en discussion","H",NA
"Je propose d’adapter la procédure législative afin d’éviter la multiplication d’amendements sans véritable objet et les retards dans l‘adoption des textes.","303",NA
"En particulier, les amendements ne doivent être recevables que :","303",NA
"• s’ils ont un lien direct avec le texte en discussion","303",NA
"• s’ils n’ont pas le même objet principal qu’un autre amendement admis à la discussion","303",NA
"Par ailleurs, le temps du travail parlementaire consacré à la délibération législative ne doit pas être excessivementréduit par la multiplication de séances de questions au gouvernement à finalité souventpolémique.","303",NA
"Je propose que ne soit admise qu’une seule séance hebdomadaire consacrée aux questionsau Gouvernement (QAG).","303",NA
"2 CONFORTER NOS ADMINISTRATIONS ET NOS SERVICES PUBLICS","H",NA
"A l’heure où l’utilité et les moyens de nos fonctions publiques sont contestés, je tiens au contraire àsouligner la nécessité d’un Etat renforcé pour l’exercice des missions qui sont les siennes, d’une fonctionpublique et de services publics préservés et adaptés aux besoins nouveaux de notre temps,","303",NA
"decollectivités territoriales dotées des moyens de leur action autonome, au plus près des citoyens.","301",NA
"Fonctions publiques.","H",NA
"Contrairement à beaucoup d’idées reçues, l’Etat français dispose, en comparaisondes autres Etats industrialisés, de peu de moyens pour l’exercice de ses missions essentielles.","303",NA
"Ilserait périlleux de l’affaiblir davantage, notamment par la mise en oeuvre de politiques de réduction des effectifs de ses fonctionnaires :","303",NA
"• Les effectifs de la fonction publique doivent être maintenus","303",NA
"• Les droits des fonctionnaires doivent être préservés, comme leurs obligations, contrôlées","303",NA
"La politique de titularisation des agents contractuels occupant des emplois permanents dans la fonctionpublique doit être poursuivie, et améliorée par la définition de conditions permettant d’y accédersans pénalisation.","701",NA
"Services publics","H",NA
"J’appliquerai toute ma vigilance à la présence de services publics efficaces dans l’ensemble du territoire, particulièrement dans tous les territoires, urbains comme ruraux, où ils s’avèrent insuffisants ou menacés.","303",NA
"A cet égard, le numérique peut être regardé comme un levier d’égalité des territoires, l’égal accès à internet étant un élément de désenclavement des territoires et de leur développement économique.","503",NA
"Ilest essentiel, à cet égard, de soutenir et d’accélérer la mise en oeuvre d’un réseau internet performantsur l’ensemble du territoire.","411",NA
"Si le numérique permet la dématérialisation de certains services publics, alors rapprochés de la population, il est toutefois indispensable de veiller également à une présence suffisante d’agents du service public.","303",NA
"Les redéploiements utiles, en faveur de zones urbaines défavorisées, ou de territoires ruraux envoie de désertification, devront être favorisés.","303",NA
"Evaluation des politiques publiques","H",NA
"L’évaluation des politiques publiques doit être améliorée par :","303",NA
"• la mise au service des Assemblées parlementaires des organes publics d’évaluation (Cour des Comptes, etc..)","303",NA
"• le recours par les administrations à l’expertise externe, notamment celle des universitaires et chercheurs","303",NA
"Décentralisation","H",NA
"Avec les radicaux de gauche, je réaffirme avec force mon attachement à la décentralisation et auprincipe de libre administration des collectivités locales.","301",NA
"Je souhaite en particulier que les collectivitésterritoriales puissent disposer des ressources propres leur permettant d’exercer librement etpleinement leurs attributions.","301",NA
"Je propose par ailleurs de renforcer à la fois les grandes régions françaises et les institutions européennespar l’institution entre elles d’un lien plus direct, à travers une révision du mode d’électiondes représentants au Parlement européen.","301",NA
"Ceux-ci devront être élus dans le cadre de circonscriptionscorrespondant aux régions.","301",NA
"Représentativité des élus","H",NA
"Afin d’assurer, tant au niveau national qu’au niveau local, une meilleurereprésentativité des élus, plus souvent issus du secteur publicque du secteur privé, il convient de faciliter la réinsertion professionnelledes élus en amont de la fin du mandat.","202.1",NA
"La facilitationdes allers et retours entre vie professionnelle et vie politique devraêtre l’un des objets du statut de l’élu que je souhaite.","701",NA
"Ce statut devrapermettre l’accès à des formations qualifiantes et la validationdes acquis de l’expérience.","701",NA
"3 DEFENDRE LA REPUBLIQUE","H",NA
"La Sûreté intérieure","H",NA
"Affirmé par l’article 2 de la Déclaration des Droits de l’Homme et du Citoyen, le droit à la sûreté est l’un desdroits naturels et imprescriptibles de l’Homme.","605.1",NA
"L’Etat doit en assurer l’effectivité sur l’ensemble du territoire.","605.1",NA
"L’exigence de sûreté appelle des mesures résolues en termes de moyens : Une priorité doit êtrereconnue au renforcement des moyens de la police, de la gendarmerie, du renseignement deproximité, de la justice et de l’administration pénitentiaire.","605.1",NA
"Un redéploiement des forces de sécurité doit être assuré en vue de garantir la sûreté pour tous,","605.1",NA
"ainsique l’égale application de la loi républicaine, notamment dans certains quartiers urbains constitués en« zones de non-droit », ou dans territoires ruraux aujourd’hui délaissés.","503",NA
"En ce qui concerne la mise à niveau de notre administration pénitentiaire, les graves insuffisancesdu dispositif actuel de prisons obligent à la mise en oeuvre d’un plan ambitieux pour les prisons.","303",NA
"Ceteffort doit être conduit dans le cadre d’une conception humaniste de la prison, qui doit être regardée comme un moyen de réinsertion plutôt que de mise à l’écart de la société.","605.2",NA
"Le plan national pour les prisons doit en ce sens prévoir :","303",NA
"• La construction de nouvelles prisons, comportant le développement de cellules doubles et individuelles.","303",NA
"• Une meilleure formation des surveillants de prison, afin qu’ils puissent effectuer leurs missions en toute sécurité et prévenir les premiers signes de dépression et de suicides ;","303",NA
"• L’amélioration de l’accompagnement psychologique et sanitaire des détenus ;","605.2",NA
"• La mobilisation des associations de lutte contre les dérives sectaires et de radicalisation ;","605.2",NA
"• L’obligation, en tant que de besoin, au suivi de cours d’alphabétisation et de français ;","605.2",NA
"• Le développement des peines alternatives et des peines mixtes en faveur des détenus ayant témoigné d’un bon comportement","605.2",NA
"La politique pénale doit accompagner le renforcement de l’appareil de sûreté,","605.1",NA
"sans toutefois verserdans le dévoiement du « tout répressif ».","605.2",NA
"Elle doit être ferme, mais équilibrée et respectueuse de nos libertés fondamentales.","201.1",NA
"Elle doit en ce sens reposer sur : Une réponse pénale plus systématique, basée sur des sanctions proportionnées, graduées, adaptées et immédiates dès le premier acte délictueux ;","605.1",NA
"• Le développement de peines alternatives à la prison pour désengorger les centres de détention.","605.2",NA
"• Une réforme de l’ordonnance de 1945 sur la justice des mineurs qui est aujourd’hui inadaptée et inefficace et la création de centres d’éducation renforcée.","605.2",NA
"L’effort sécuritaire doit s’accompagner de la définition d’une politique globale, à la fois préventiveet curative, de réinsertion sociale.","605.2",NA
"L’administration responsable de la mise en oeuvre d’une tellepolitique sera dotée des moyens pluridisciplinaires nécessaires à l’exercice de ses missions, en lienavec d’autres politiques publiques prioritaires, pour favoriser une réinsertion sociale efficace autour del’éducation, de la formation, de la culture et du sport.","605.2",NA
"La légalisation du cannabis, que je propose, ne doit pas être seulement regardée comme un élémentd’extension du champ des libertés individuelles.","605.2",NA
"Elle doit également s’analyser comme un moyen efficacede lutte contre les réseaux de trafic et la délinquance organisée.","605.2",NA
"La légalisation du cannabis","605.2",NA
"devra s’accompagner de mesures destinées à prévenir les usages nuisiblesà la santé, comme à la sécurité : les ventes seront contrôlées par l’État.","403",NA
"Le cannabis sera en accèslibre dans les pharmacies.","605.2",NA
"Le prix d’achat sera calibré.","412",NA
"Il devra être suffisamment élevé pour ne pasencourager les ventes, mais suffisamment bas pour prévenir le développement de réseaux souterrains.","412",NA
"Les sanctions contre l’usage de cannabis au volant seront fortes et les contrôles plus fréquents.","605.1",NA
"Les tests salivaires pourraient être systématiquement effectués lors des contrôles.","605.1",NA
"Des contrôlesstricts seront effectués sur la qualité de ces produits pour répondre à la problématique de santépublique que posent les substances actuelles.","403",NA
"Les risques en seront atténués.","403",NA
"J’ajoute que l’intervention de l’Etat dans le dispositif de production, de commercialisation et de contrôledu cannabis génèrera de nouvelles recettes publiques, de l’ordre de 2 milliards d’euros.","605.2",NA
"Lutte contre le terrorisme : Le phénomène terroriste conduit à compléter les mesures destinées àrenforcer la sécurité intérieure par l’adoption de mesures spécifiques, visant la prévention de la radicalisationet le désendoctrinement, comme le développement de moyens nouveaux, humains et juridiques,permettant de faire face à la menace.","605.1",NA
"Il s’agira de: Prévenir la radicalisation chez les plus jeunes dans le cadre des Chantiers républicains: Les associationsd’éducation populaire seront mandatées pour encadrer les Chantiers républicains destinés auxjeunes de 15 à 18 ans.","605.1",NA
"Pendant trois ans, à raison d’un mois par an, ces jeunes devront défendre unprojet cohérent avec les valeurs de la République et qu’ils auront choisi.","605.1",NA
"Créer des centres de prévention de la radicalisation et des parcours de désendoctrinement.","605.1",NA
"Sur lemodèle de ce qui existe pour les dérives sectaires, des centres de prévention de la radicalisation serontcréés.","605.1",NA
"Il conviendra pour cela de:   Fédérer en réseau les associations spécialistes des dérives sectaires et d’embrigadement au niveau national pour appuyer les cellules de suivi de la prévention de la radicalisation du ministère","605.2",NA
"Donner davantage de moyens humains et financiers aux cellules de suivi de la prévention de la radicalisation pour un maillage territorial plus important","605.2",NA
"Créer des centres publics de déradicalisation et de désendoctrinement sur la base de ce réseau en mettant à contribution leurs intervenants, spécialistes des dérives sectaires, pour mettre en oeuvre des programmes reposant sur un suivi personnalisé et une remise en question cognitive, sentimentale et personnelle.","605.2",NA
"Renforcement de la réserve opérationnelle (RO) : sur le plan des moyens à mettre en oeuvre pourfaire face à la menace terroriste, un effort supplémentaire doit être accompli en matière de réserveopérationnelle.","104",NA
"La réserve opérationnelle permet d’étoffer les effectifs militaires en cas de besoin et deconsolider le lien armée-nation.","104",NA
"La RO fait appel aux anciens militaires d’active (RO 2), mais aussi à despersonnels civils volontaires (RO1).L’effort doit notamment porter sur la possibilité d’un appel effectif à la RO1, impliquant disponibilité, formation et entraînement.","104",NA
"En ce sens des actions devront être prévues en faveur des : salariés (autorisations d’absence, exclusion de pertes de salaires…);","104",NA
"• entreprises (crédit d’impôt RO, partenariat privilégié avec le secteur de la Défense – label « Défense »);","104",NA
"• demandeurs d’emplois (complément de parcours professionnel, prolongation des droits d’allocation) ;","104",NA
"• jeunes et des étudiants en favorisant le volontariat pour des périodes de réserve durant les vacances.","104",NA
"Les missions de la RO doivent être précisément définies, inscrites dans le cadre de la loi de programmationmilitaire et dotées de moyens budgétaires effectivement dédiés.","104",NA
"Des actions de communication en faveur dela RO doivent être engagées.","104",NA
"Un commandement efficace de la réserve opérationnelle doit être assuré.","104",NA
"La Défense Nationale : des moyens renforcés et adaptés","H",NA
"Le budget de la Défense Nationale ne doit pas être une variable d’ajustement de la politique budgétaireet doit être au contraire relevé au niveau nécessaire à notre protection, intérieure comme extérieure.","104",NA
"Pourrait être étudiée, en tant que de besoin, la réduction des moyens d’une dissuasion nucléaire excessivementcoûteuse, alors que l’évolution des menaces, les déploiements nécessaires sur des théâtresd’opérations extérieurs et la lutte contre le terrorisme imposent le relèvement des crédits d’investissementet de fonctionnement affectés aux forces conventionnelles.","105",NA
"Il appartiendra alors à l’Etat-Major desArmées de proposer les arbitrages appropriés entre les composantes sous-marine et aérienne de notreforce de dissuasion.","105",NA
"4 CONQUERIR DE NOUVEAUX DROITS","H",NA
"Artisans inlassables des droits de l’homme et des libertés individuelles, les Radicaux n’entendent pass’en tenir aux seuls progrès à ce jour accomplis sur la voie de l’émancipation.","305.1",NA
"D’autres droits et libertésrestent à conquérir.","201.1",NA
"Avec le PRG, je poursuivrai à cet égard, sur le terrain sociétal comme politique, les objectifs suivants:","305.1",NA
"Avancées sociétales :","H",NA
"Reconnaître le droit de mourir dans la dignité","H",NA
"Ce droit doit pouvoir s’exercer à la demande du malade, placé sous la responsabilité d’un comité d’éthique médicale, lorsqu’il est médicalement prouvé que la maladie est irréversible et la mort proche.","201.1",NA
"Permettre le recours à la Procréation Médicalement Assistée (PMA) à toutes les femmes sans conditions","H",NA
"La PMA doit être accessible à toutes les femmes – par donneur anonyme ou donneur connu – sans discrimination liée à leur situation maritale.","604",NA
"Il faut mettre fin à l’exil procréatif qui pousse nombre de femmes à se rendre à l’étranger pour avoir accès à ces techniques.","604",NA
"Alléger et faciliter les procédures d’adoption pour tous","H",NA
"Les couples, qu’ils soient homosexuels ou non, et les célibataires doivent pouvoir accéder à l’adoption de manière égale et juste, sans discrimination liée à leur orientation sexuelle ou leur condition maritale.","604",NA
"Faire adopter une grande loi sur la bioéthique pour permettre à la médecine de poursuivre ses recherches au service de la santé de tous","H",NA
"L’enjeu est de permettre au progrès scientifique d’ouvrir la voie au traitement d’affections graves et incurables aujourd’hui, comme les maladies neurodégénératives – Alzheimer, Parkinson, sclérose en plaques –, les cancers et les maladies rares.","604",NA
"Légaliser l’usage du cannabis","H",NA
"Pour être pleinement comprise, cette mesure de libéralisation doit être mise en rapport avec la politique de sécurité intérieure (voir ci-dessus).","605.2",NA
"Avancées politiques :","H",NA
"Accorder le droit de vote aux étrangers pour les élections locales et nationales","H",NA
"Reconnu par la Constitution de 1793, admis dans de nombreux pays, le droit de vote des étrangers établissur le territoire national et contribuant par l’impôt au financement des dépenses publiques, exprime sur le terrain des droits politiques la conception humaniste d’une égale dignité des hommes et des femmes.","202.1",NA
"Reconnu pour les élections européenne et municipales aux résidents ayant la nationalité de paysmembres de l’UE, le droit de vote doit être étendu, pour l’ensemble des élections locales et nationalesà tous les étrangers répondant aux conditions mises au droit de vote pour un électeur français (inscriptionsur les listes électorales, conditions d’âge et de capacité juridique), ainsi que, pour les électionsnationales, à une condition de résidence en France d’au moins trois années.","202.1",NA
"5 GARANTIR LES DROITS, LES LIBERTES ET LA PROTECTION DES FEMMES","H",NA
"Certaines des avancées sociétales que nous réclamons, telles que celle concernant le recours à laPMA, correspondent à l’affirmation d’un droit nouveau pour les femmes.","706",NA
"La question des droits et libertésde la femme, celle de l’égalité entre femmes et hommes, ou encore de la protection des femmes,justifient cependant par leur importance une approche spécifique et globale.","503",NA
"Je porterai en conséquence un PROJET POUR LES FEMMES visant à la coordination de l’ensembledes mesures permettant de conduire effectivement à une société de liberté et d’égalité, dans laquelle les femmes trouveront toute leur place.","706",NA
"Droits et libertés des femmes","H",NA
"Sur le terrain des droits de la femme, j’engagerai vigoureusement le combat contre les tentatives et les risques de remise en cause de l’IVG.","604",NA
"A cet effet : je demanderai le renforcement des centres IVG, et le développement des moyens alloués à l’information sur les moyens de contraception,","604",NA
"• je proposerai la reconnaissance d’utilité publique du Planning Familial,","604",NA
"• je m’attacherai à promouvoir un droit européen à l’IVG.","604",NA
"Sur le terrain des libertés des femmes, et de leur rapport à lalaïcité, je rappellerai que celle-ci est, pour les Radicaux, un rempartcontre les obscurantismes mais ne doit pas servir d’alibi à ceux quitentent de stigmatiser telle ou telle religion.","604",NA
"Je veillerai en conséquence à ce que les femmes soient pleinementen mesure d’exercer leur liberté de conscience ou de culture,","607.1",NA
"maisaussi à ce qu’elles ne soient pas entravées par quelque forme quece soit de soumission ou d’oppression qui aurait pour effet de limiterleurs libertés.","201.1",NA
"Egalité femmes-hommes","H",NA
"La timidité des avancées en matière d’égalité femmes-hommes justifie la mise en évidence de cet objectif essentiel par :","503",NA
"• L’identification d’un Ministère des droits des femmes et de l’égalité femmes-hommes","503",NA
"• La création d’une médiation publique autonome en charge des inégalités femmes-hommes, des atteintes aux droits des femmes et des discriminations","503",NA
"La poursuite de l’objectif d’égalité hommes-femmes doit être ensuite activement engagée sur différents terrains.","503",NA
"L’égalité femmes-hommes doit être consacrée sur le terrain des salaires.","503",NA
"Les dispositifs de sanctions financières à l’encontre des discriminations salariales doivent être, sous réserve d’ajustement des barèmes, étendus à toutes les entreprises.","503",NA
"La parité devra également être recherchée au niveau des instances dirigeantes :  des grandes entreprises, d’organismes tels que les fédérations professionnelles, les Chambres consulaires, les agences et opérateurs de l’Etat","503",NA
"Les stéréotypes conduisant à réserver certains métiers, notamment scientifiques ou techniques, aux hommes doivent être combattus, l’accès des femmes à ces métiers devant être encouragé.","503",NA
"L’activité à temps partiel subie par les femmes doit être évitée par des incitations au télétravail et autravail à domicile, tant auprès des entreprises que des administrations.","503",NA
"L’exercice du congé parentalpar les hommes doit être favorisé au moyen d’incitations financières.La conciliation de la vie professionnelle et de la vie familiale doit être favorisée, notamment par:","503",NA
"• L’augmentation des places en crèches, avec des horaires adaptés à la vie professionnelle","504",NA
"• La création de crèches  gardes d’enfants dans les services de la fonction publique et dans les entreprises.","504",NA
"Protection des femmes","H",NA
"La protection des femmes doit être renforcée, par des actions déterminées de:","605.1",NA
"• Lutte contre les violences faites aux femmes.","605.1",NA
"L’objectif doit notamment conduire à l’organisation dans chaque commissariat de préfecture et d’arrondissement d’une structure d’aide aux victimes de violences, assistée d’une association officielle d’aide aux victimes.","605.2",NA
"• Lutte contre le harcèlement.","503",NA
"Devra être notamment mis en place un plan pluriannuel de prévention et d’information sur tous les types de harcèlement.","503",NA
"Bien entendu, la conquête de droits nouveaux, en particulier pour lesfemmes, ne doit pas perdre de vue l’exigence de vigilance au regarddes discriminations persistantes en dépit des prescriptions de laloi, et qui sont notamment fondées sur l’origine ou les croyances.","503",NA
"Les Radicaux restent au premier rang de la lutte contre le racismeet l’antisémitisme et s’appliqueront à débusquer toute forme d’entraveà l’emploi ou au logement qui serait fondée sur les caractéristiquesd’une identité personnelle.","503",NA
"6 DÉFENDRE ET PROMOUVOIR LA LAÏCITÉ","H",NA
"La loi de 1905 sur la séparation des Églises et de l’État est le socle sur lequel repose le principe delaïcité.","604",NA
"Aucune « Charte de la laïcité » ne saurait se substituer à cette loi fondamentale.","604",NA
"Les débats quiont agité notre pays, depuis le début des années 2000, ont montré que le consensus républicain s’estprogressivement délité.","604",NA
"Il est nécessaire de réaffirmer avec force l’attachement de la France à cette loiet à ses principes.","604",NA
"Avec le PRG, je propose en conséquence les mesures suivantes :  L’inscription dans la Constitution des principes posés aux articles 1 et 2 de la loi de 1905","604",NA
"• La création d’une mission interministérielle à la Laïcité","604",NA
"• La mission interministérielle à la laïcité veillera à la défense et à la promotion du principe de laïcité.","604",NA
"Elle remplacera l’Observatoire de la Laïcité.","604",NA
"La mission veillera à ce que la politique éducative, civique et culturelle du Gouvernement tienne compte de tous les aspects de la laïcité, de la liberté de conscience et de l’enseignement concret des principes républicains.","601.1",NA
"La France doit également défendre ce principe républicain au sein des institutions européennes.","601.1",NA
"• La création d’une Maison de la Laïcité dans chaque Région","604",NA
"• L’inscription de la laïcité au patrimoine immatériel de l’humanité de l’UNESCO","604",NA
"Ainsi que les mesures complémentaires suivantes :  sortie graduelle et négociée du régime dérogatoire des cultes en Alsace et en Moselle","604",NA
"• abrogation du délit de blasphème en Alsace-Moselle","604",NA
"• réglementation de la présence des fonctionnaires en service dans les cérémonies religieuses de nature à garantir la neutralité de l’Etat,","604",NA
"• fin de la reconnaissance mutuelle des diplômes entre la France et le Vatican","604",NA
"7 FONDER LA COHESION SOCIALE SUR L’ECOLE DE LA REPUBLIQUE","H",NA
"L’école, service public de la République","H",NA
"La coexistence de plusieurs systèmes éducatifs parallèles est un évident obstacle à la cohésion socialeet contribue à perpétuer ou renforcer les inégalités.","503",NA
"Elle ne saurait s’envisager qu’à des conditions permettantque soient assurées en toutes circonstances les obligations propres au service public éducatif,et ne doit en aucun cas s’apparenter à une concurrence portant atteinte à l’école publique, dont le caractère d’excellence doit être réaffirmé et généralisé.","506",NA
"Je proposerai en conséquence:• La subordination de l’octroi de financements publics à des écoles privées au strict respect par celles-ci des obligations de service public définies par la loi et dans le cadre de contrats conclus avec l’Education Nationale, incluant le respect des programmes définis par celle-ci.","506",NA
"Les financements publics ne seront plus accordés aux établissements qui ne respecteraient pas ces engagements","506",NA
"• La subordination à autorisation administrative de l’ouverture d’écoles ou de lieux d’enseignement ou de formation ne faisant pas appel au financement public.","506",NA
"L’activité de ces établissements, qui devra respecter les principes républicains, devra faire l’objet d’un contrôle systématique","506",NA
"L’école de la République, une école d’excellence","H",NA
"L’école doit permettre aux élèves, toutes filières confondues, de disposer des mêmes chances de réussite et d’épanouissement.","506",NA
"Pour assurer l’excellence de l’Ecole républicaine, je propose: Les mesures générales suivantes: Rendre l’école obligatoire dès 3 ans","506",NA
"Garantir un socle d’enseignement commun jusqu’à 16 ans: le collège unique doit être conservé pour assurer une formation éducative unique jusqu’à 16 ans au moins - ou 15 ans sur dérogation -, âge auquel les enfants pourront s’orienter vers l’apprentissage s’ils le souhaitent.","506",NA
"Aucune sélection ne saurait être effectuée avant","506",NA
"Réduire les effectifs des élèves dans toutes les classes: les professeurs pourront dès lors assurer un meilleur suivi, plus personnalisé, de leurs élèves","506",NA
"En conséquence, augmenter le nombre d’enseignants recrutés et formés chaque année.","506",NA
"L’effort global de recrutement de 60.000 enseignants supplémentaires, engagé mais non encore atteint, doit être poursuivi avec détermination","506",NA
"Renverser une logique d’affectation des enseignants, qui conduit aujourd’hui à l’envoi quasi-systématique des jeunes professeurs dans des établissements défavorisés et souvent difficiles sans avoir l’expérience, la formation ou le bagage nécessaires pour répondre aux défis pédagogiques auxquels ils doivent faire face","506",NA
"Une adaptation des programmes, comportant: • Un renforcement vigoureux de l’acquisition des fondamentaux que sont la lecture, l’écriture (orthographe, grammaire) et les connaissances de base, impliquant toutes vérifications utiles à l’entrée au collège ou à la sortie du primaire.","506",NA
"• Le maintien de l’enseignement du latin et du grec","506",NA
"• La création d’un enseignement commun au lycée en droit, économie et sciences humaines dès la seconde.","506",NA
"• Le recours à l’usage du numérique, sans préjudice de la maîtrise de l’écriture manuelle.","506",NA
"• La recherche, tout au long des années d’études au lycée, de témoignages de professionnels permettant de susciter les vocations et orientations pertinentes.","506",NA
"Une amélioration de l’apprentissage des langues étrangères, par: • La réduction des effectifs des classes de langue, permettant d’insister sur la prise de parole, l’échange et le dialogue entre élèves et professeurs","506",NA
"• L’appel aux laboratoires de langues","506",NA
"• La généralisation de l’usage du numérique","506",NA
"• La démultiplication des échanges scolaires internationaux","506",NA
"La revalorisation, par tous moyens utiles (campagnes de communication, échanges avec les professionnels)des métiers dits « manuels », afin que les élèves qui souhaitent étudier dans le cadre defilières professionnelles puissent le faire par envie et non plus par dépit.","506",NA
"En matière de santé à l’école, je juge indispensable de :• renforcer la santé à l’école en rendant obligatoire une visite médicale annuelle.","504",NA
"• favoriser l’information touchant à la contraception","504",NA
"• sensibiliser les élèves et étudiants aux infections et maladies sexuellement transmissibles et aux pratiques à risques, hétérosexuelles comme homosexuelles.","504",NA
"• favoriser la prévention des addictions.","504",NA
"• lutter contre l’obésité par l’éducation alimentaire.","504",NA
"Une formation des enseignants préservée et améliorée","H",NA
"Je veillerai à ce que : • soit assurée la pérennité de la formation des jeunes enseignants, une formation devant comporter l’acquisition de savoirs nécessaires, mais aussi des méthodes pédagogiques.","704",NA
"• soit organisée une formation des enseignants tout au long de leur carrière.","704",NA
"Par ailleurs, la fragmentation du parcours scolaire rend actuellement les enseignants relativement impuissants pour organiser un accompagnement efficace de l’élève: Développer la bi ou multidisciplinarité lors des formations permettra aux jeunes enseignants de travailler en équipe sur la base de projets pédagogiques adaptés et personnalisés à chacun des élèves.","506",NA
"Enseignement supérieur et recherche","H",NA
"Dans ces domaines, je défendrai une politique éducative tendant à faire de l’Université le lieu privilégié du plus large accès à l’excellence scientifique et professionnelle.","506",NA
"L’université doit être le socle d’une ascension sociale ouverte aux jeunes de toutes origines, fondement du vivre ensemble de demain.","506",NA
"L’université doit pouvoir former efficacement des professionnels.","411",NA
"De nouvelles filières doivent être créées pour entrer en résonance avec les métiers de demain, notamment en ce qui concerne l’écologie et les nouvelles énergies.","411",NA
"Des stages obligatoires doivent être prévus dans toutes les filières, y compris au sein des sciences humaines.","411",NA
"L’objectif de meilleure liaison entre l’Université et le monde professionnel conduit à proposer la suppression de l’obligation d’achever une thèse en trois ans, disposition ayant pour effet pratique d’écarter les professionnels de la recherche et de priver la recherche des apports de connaissance et d’expérience issues de la pratique d’un métier.","411",NA
"De manière générale, j’apporterai le soutien le plus complet à la recherche publique, y compris dans le domaine des sciences humaines et sociales, incluant un soutien aux innovations sociétales.","411",NA
"Je propose également de :  Décentraliser les concours des grandes écoles au sein de tous les lycées de France.","506",NA
"Cette mesure permettrait à tous les élèves de pouvoir se familiariser avec ces concours et de les passer en même temps que leur classe d’âge.","506",NA
"• Renforcer et rationaliser le système de bourse, dans le sens d’une meilleure justice.","506",NA
"D’un point de vue pratique, les universités devraient accorder aux étudiants une plus grande flexibilité dans l’organisation de leur emploi du temps.","506",NA
"La possibilité de suivre des cours du soir ou des cours à distance doit être donnée à ceux qui travaillent en parallèle ou sont en reprise d’étude.","506",NA
"Un apprentissage revalorisé.","H",NA
"L’apprentissage doit être revalorisé et favorisé, notamment part :","504",NA
"une meilleure diffusion des dispositifs d’aide au recrutementd’apprentis (crédit d’impôt apprentissage, exonérations decotisations, aides régionales)","504",NA
"·           2.     un déploiement plus important du programme européend’échanges en matière d’apprentissage (Erasmus +)","506",NA
"Une formation professionnelle plus efficace","H",NA
"Aujourd’hui coûteuse et peu performante, la formation professionnelle, indispensable au retour à unesituation plus satisfaisante de l’emploi, doit être réformée.","411",NA
"Il s’agit d’abord de lui reconnaître de manière générale un caractère de service public, qu’il soit assurépar des organismes publics (AFPA) ou par des organismes privés.","411",NA
"La formation professionnelle assurée par les centres de formation, en conséquence, doit s’exercer, nonsur la base d’un simple agrément, mais dans le cadre d’une délégation de service public, comportantsystématiquement un cahier des charges, assortie d’une obligation de résultats, soumise aucontrôle de fonctionnaires territoriaux.","411",NA
"La loi doit ensuite définir des priorités d’affectation des moyens de la formation professionnelle : luttecontre le chômage, formation des moins qualifiés, reconversion.","411",NA
"Des formations professionnelles décentralisées doivent être organisées au bénéfice des territoires isolés.","411",NA
"8 LA CULTURE, UNE EXIGENCE DE L’HUMANISME REPUBLICAIN","H",NA
"Pour les Radicaux, la culture est une condition nécessaire de l’épanouissement des individus et de leurcapacité à vivre ensemble dans l’échange et le partage.","502",NA
"Les politiques culturelles, nationales ou locales,doivent être promues avec détermination.","502",NA
"Je propose :   • de fixer un objectif de 2%, à atteindre progressivement, pour la part du budget nationalconsacrée à la culture (1,1% aujourd’hui) et aux activités culturelles, en France comme àl’étranger (centres culturels, bibliothèques françaises, etc.).","502",NA
"• de favoriser l’émergence de lieux de culture et d’incubateurs culturels, en proposant desespaces communs, durables ou éphémères, aux artistes locaux et méconnus pour leur permettrede gagner en visibilité et de faire vivre la culture à l’échelon local.","502",NA
"• de développer les oeuvres partagées qui permettent aux habitants de créer avec des artisteslocaux, de désacraliser l’oeuvre artistique et d’améliorer le cadre de vie des habitants.","502",NA
"• de diversifier les sources de financement des évènements culturels, musicaux et artistiques.","502",NA
"• d’ouvrir les bibliothèques et médiathèques publiques le dimanche.","502",NA
"Les bibliothèques etmédiathèques sont actuellement saturées.","502",NA
"L’ouverture dominicale des bibliothèques universitaires,des bibliothèques, médiathèques et des lieux culturels en général constitue une nécessité,notamment pour les étudiants.","502",NA
"9 DES PRIORITES SPECIFIQUES POUR LES OUTRE-MER","H",NA
"Les problématiques d’évolution institutionnelle pouvant et devant être abordées dans le cadre desdispositions prévues par la Constitution, tant pour les collectivités régies par l’article 73 (départementsd’outre-mer et collectivités assimilées) que pour celles régies par l’article 74, et celles prévues pourla Nouvelle-Calédonie,","303",NA
"les priorités pour l’Outre-mer résultent du constat préoccupant de situationscommunément caractérisées par l’insécurité, un taux de chômage exceptionnellement élevé, et l’insuffisancedes moyens d’un développement économique autocentré.","706",NA
"La sécurité","H",NA
"La sécurité des personnes et des biens est, pour la plupart des collectivités d’outre-mer confrontées àdes niveaux de délinquance grave inacceptables, une priorité absolue.","605.1",NA
"Elle doit être assurée par: • Un renforcement très significatif des moyens de police, de gendarmerie, de douane, de contrôleaux frontières, de justice et d’administration pénitentiaire","605.1",NA
"• Une impulsion spécifique donnée, outre-mer, au dispositif de réserve opérationnelle, militaire etcivile, de nature à renforcer les moyens de sécurité fondés sur le recours à des personnels locaux.","104",NA
"L’emploi","H",NA
"Le taux de chômage constaté dans les collectivités d’outre-mer, atteignant ou dépassant en règlegénérale 25%, et davantage auprès des jeunes, ne peut être toléré.","701",NA
"Les mesures pour y remédierdépendent pour partie du cadre statutaire propre à chaque collectivité, et doivent lui être adaptées.","701",NA
"Pour les collectivités régies par l’article 73 de la Constitution (DOM et assimilés), l’action de l’Étatest déterminante et doit comporter les mesures les plus résolues, principalement en matière de soutienà l’activité et à l’emploi par les entreprises.","701",NA
"Ce soutien doit comporter :   • L’application pleine et entière des dispositions générales en matière de charges sociales desentreprises (suppression complète des cotisations à la branche famille), comme de chargesfiscales (taux d’impôt sur les sociétés ramenés à 10, 15 ou 20%)","402",NA
"• Un allègement supplémentaire très significatif des charges sociales restant à la chargedes entreprises (renforcement et simplification du dispositif LODEOM)","402",NA
"• Participation des collectivités au financement de ces mesures, sur la base de transferts limitésde compétence en matière d’octroi de mer (dont le caractère d’imposition intérieure serarenforcé par son extension aux services) et de TVA (part transférée à la collectivité)","301",NA
"• Un renforcement spécifique du « Plan TPE » : les moyens permettant le développement, outre-mer,des dispositifs « SMA » et « réserve opérationnelle civile », devront être dégagés.","403",NA
"Pour les collectivités régies par l’article 74 et la Nouvelle Calédonie, le soutien à l’emploi assuré parles autorités locales doit être complété par des mesures d’État, comportant notamment le maintien etle renforcement des dispositifs d’aide fiscale à l’investissement dans ces collectivités.","601.1",NA
"Dans le cas particulier de Saint-Martin, où se combinent compétence locale et compétence d’État, l’État doit veiller à la pleine application des mesures d’allègement de charges sociales.","402",NA
"Il doit en outre assumersa responsabilité en matière de transfert de ressources correspondant aux transferts de charge,en restituant à la collectivité les moyens financiers dont elle a été privée : en charge de l’application etdu contrôle des impôts décidés par la collectivité, l’État doit rétablir, pour les impôts directs, la garantiede recettes correspondant aux rôles émis.","301",NA
"Le développement économique autocentré","H",NA
"Le renforcement des capacités de développement fondées sur la mise en oeuvre de ressources localesdoit être beaucoup plus activement recherché.","408",NA
"Il doit comporter un soutien résolu, de niveau nationalcomme, le cas échéant, européen, aux axes de développement suivants :","408",NA
"• développement des énergies renouvelables (éolien, solaire, géothermie), l’objectif devant être, àterme rapproché, l’autosuffisance de chacune des collectivités d’outre-mer","501",NA
"• soutien aux productions agricoles et agro-industrielles traditionnelles d’exportation (banane,canne, rhum)","703.1",NA
"• développement des productions agricoles vivrières, des filières biologiques, de la pêche, comportantla fixation d’objectifs en termes de satisfaction des besoins de consommation extérieurecomme d’exportation (produits naturels ou transformés)","703.1",NA
"• développement de la croissance bleue, par la mise en valeur du considérable potentiel représentépar les espaces marins (domaine, zee)","416.2",NA
"• soutien à l’industrie touristique","408",NA
"• aide fiscale aux investissements dans tous les secteurs productifs","402",NA
"• soutien à l’économie numérique et d’abord, généralisation accélérée de l’accès aux réseaux","411",NA
"• télémédecine : Développement de la E-santé","411",NA
"La lutte contre la vie chère doit prendre appui sur un dispositif spécifique de contrôle des marges derevente sur les produits importés.","412",NA
"III. UNE EUROPE QUI PROTÈGE","H",NA
"Le Brexit, la crise des réfugiés, la résurgence de réflexes de repli national et d’autoritarisme dans certainspays de l’Europe centrale et orientale, mais plus généralement la montée des populismes et dessouverainismes dans beaucoup des États membres de l’Union européenne témoignent d’un recul del’espérance européenne.","108",NA
"Certaines des institutions de l’Union sont décriées, leur action est rendue responsable des difficultésaffectant nos agriculteurs, nos pêcheurs, nos entreprises, nos travailleurs ou nos territoires.","108",NA
"En mêmetemps qu’ils réclament volontiers davantage d’efficacité dans l’action commune de l’Union, la plupartde ses gouvernements s’opposent en pratique aux mesures de fédéralisation qui permettraient d’y parvenir.","108",NA
"La crise de l’Europe atteint les citoyens, dont le scepticisme à l’égard de la construction européennes’est accru, quand ils n’y sont pas – pour une minorité d’entre eux – franchement hostiles.","108",NA
"Elle atteintles gouvernants, incapables de s’accorder sur les procédures et les choix qui seraient ceux d’une Europeunie et efficace.","305.1",NA
"Pourtant, l’Europe est nécessaire.","108",NA
"Elle est nécessaire à la paix, qu’elle a su garantir depuis plusd’un demi-siècle.","106",NA
"Elle est nécessaire pour faire face au risque nouveau du terrorisme, comme auxdéfis que posent les mouvements de population massifs notamment dus aux conflits extérieurs.","605.1",NA
"Elle estévidemment indispensable à la maîtrise de phénomènes tels que les dérèglements du climat, la dégradationglobale de notre environnement, ou encore les risques épidémiques que n’arrête nulle frontière.","501",NA
"L’Europe seule peut en outre, sur le plan de l’économie, du commerce et de la monnaie, se mesurer àarmes égales avec les grandes puissances, désormais plus nombreuses, que compte la planète.","108",NA
"Je suis pour ma part convaincue de la nécessité d’une réponse européenne aux problèmes de notretemps.","108",NA
"Mais au-delà d’un constat qui devrait s’imposer à tous, je porte aussi, avec les Radicaux,un projet européen qui n’est pas seulement utilitaire.","305.1",NA
"Je crois en une construction européenne qui nesoit pas seulement celle d’un marché unique.","108",NA
"Mais qui soit aussi celle d’un espace de solidarité, d’unprogrès de l’humanisme, d’une conquête constamment renouvelée du droit et des libertés, d’un reculdes arbitraires et des intolérances, de la reconnaissance d’une histoire et d’une culture riches et diverses;","201.1",NA
"d’une société prête à s’ouvrir à d’autres pour construire un vivre ensemble où seront garantis,à l’abri des replis communautaristes de tous ordres, l’épanouissement de l’individu et le progrès social.","606.1",NA
"Je demeurerai fidèle à tous les engagements européens des radicaux, et de ceux qui partagent leuridéal.","108",NA
"Celui d’une véritable Europe fédérale, fondée sur une Constitution des États-Unis d’Europe, comportantun véritable gouvernement démocratique européen, un véritable budget fédéral, une harmonisationfiscale et sociale, une politique étrangère et une défense communes.","108",NA
"Je n’ignore pas pour autant que le chemin dans cette direction est long et difficile, semé d’embûches,marqué d’avancées, mais aussi de reculs.","108",NA
"Il est clair que les jours d’aujourd’hui ne sont pas les meilleursque la construction européenne a connus.","108",NA
"Il nous faut donc, après avoir réaffirmé nos convictions et nos engagements, rechercher patiemmentmais résolument les voies et moyens d’un nouvel élan pour l’Europe ; identifier tous les lieux oùla construction européenne devrait, et pourrait, être relancée, en prescrire les moyens.","108",NA
"Mais il nous faut aussi convaincre, contribuer à donner à nos citoyens, comme à ceux des autres paysmembres de l’Union ou qui pourraient la rejoindre, le goût de l’Europe, le désir d’Europe.","108",NA
"Pour cela,l’Europe doit être certes réorganisée, mais aussi mieux comprise, plus proche des citoyens, mieux reconnuedans ses interventions utiles et bénéfiques.","202.1",NA
"Mon programme pour l’Europe comporte ainsi :  • L’indication de quelques-unes des mesures permettant la relance d’une construction européenneplus efficace","108",NA
"• La proposition d’une mesure nationale visant à rapprocher l’Europe des citoyens, et d’en relancerla construction, non plus seulement par le niveau centralisé des États, mais aussi par celuides territoires, au plus près des citoyens.","301",NA
"RELANCER LA CONSTRUCTION EUROPEENNE","H",NA
"Par la création d’un gouvernement économique de la zone euro","H",NA
"Je suis en faveur d’un nouveau traité européen qui viendrait refonder la gouvernance de l’Union,la rendre à la fois plus démocratique et plus efficace.","204",NA
"Notamment par la transformation de la Commissionen un véritable gouvernement de l’Europe, constitué sur la base d’un accord de coalition, responsabledevant le Parlement européen, dont les pouvoirs de contrôle seraient renforcés.","202.1",NA
"De même suis-je favorableà un budget européen plus étoffé, alimenté par des ressources propres plus substantielles.","108",NA
"Dans l’attente de tels progrès vers la démocratie européenne, et sans qu’il soit besoin d’en passer parla procédure longue et hasardeuse de la révision des traités existants, peut être obtenue la constitutiond’un gouvernement économique de la zone euro.","202.1",NA
"Venant utilement compléter, et balancer, le gouvernement monétaire exercé par la Banque CentraleEuropéenne, un gouvernement économique de la zone euro, qu’il est aisé de constituer par simplesdispositions pratiques entre les gouvernements des États qui la forment, jouerait un rôle essentiel enmatière de cohérence des politiques économiques et budgétaires de ces États, et serait le moteur d’initiativesde portée plus générale, notamment en matière d’harmonisation fiscale, ou même de premierséléments d’un budget et d’une fiscalité communs.","409",NA
"Afin de conférer une meilleure dimension démocratique au gouvernement de la zone euro, pourrait s’organiser,à échéances régulières, la réunion des membres du Parlement européen représentant les paysde la zone euro, disposants (hors dispositions d’un nouveau traité) de capacités d’information et d’avis.","202.1",NA
"Par les coopérations renforcées","H",NA
"Les avancées vers davantage de politiques communes, et pour une harmonisation plus complète dansles domaines de la fiscalité ou de la protection sociale, se heurtent à des règles de prises de décisionqui, souvent, les rendent inaccessibles.","108",NA
"Il en est ainsi de l’harmonisation des fiscalités directes, quirequiert l’unanimité.","108",NA
"Les coopérations renforcées entre États volontaires sont en revanche possibles.","108",NA
"Il faut y recourir.","108",NA
"Notammenten matière fiscale, où doit être prioritairement recherchée l’harmonisation de la fiscalité dessociétés, sur le modèle « ACCIS » proposé par la Commission, compatible avec nos propositions enmatière de fiscalité des sociétés au plan national.","108",NA
"L’amorce de coopérations renforcées sur le terrain de l’harmonisation des niveaux de rémunérationsalariale et de la protection sociale doit être également engagée.","701",NA
"Jusqu’à l’obtention d’un degré suffisantd’harmonisation sociale, la protection des salariés et de l’emploi au niveau national doit êtreassurée, notamment par l’adaptation de la directive sur les travailleurs détachés.","701",NA
"Par l’édification d’une Europe de la défense et de la sécurité","H",NA
"La menace terroriste, qui vise toutes les démocraties européennes, les positions affichées par le nouveauPrésident des Etats-Unis, qui font craindre une moindre détermination américaine à protéger l’Europe,favorisent la prise de conscience de l’intérêt, pour les Etats européens, d’avancer beaucoup plusrésolument sur la voie d’une politique européenne de défense et de sécurité.","104",NA
"De premières avancées sont indispensables en matière de renseignement, de coopération anti-terroriste,de gestion commune des frontières extérieures.","605.1",NA
"Des coopérations renforcées doivent être recherchées avec d’autres acteurs potentiels de la défensede l’Europe (Allemagne, Espagne, etc.).","104",NA
"Une prise en compte par les institutions européennes de l’effort spécifique accompli par la Franceau profit de la défense de tous les pays membres doit être demandée.","104",NA
"Tendant à ce qu’une part descrédits d’investissement et de fonctionnement des armées puisse être déduite de l’évaluation du soldebudgétaire au regard des critères du pacte de stabilité et de croissance.","414",NA
"Par la définition d’un droit d’asile européen et d’une politique migratoire commune","H",NA
"Droit d’asile européen","H",NA
"Un droit d’asile européen clair et cohérent doit être défini.","201.2",NA
"Au-delà des quelques éléments déjà mis enplace (dispositif de sauvetage en mer, de surveillance de certaines zones maritimes), il est nécessaire de :","201.2",NA
"• persister dans la voie d’un mécanisme de solidarité intra-européenne fondé sur une répartitionobligatoire des demandeurs d’asile entre les États membres","201.2",NA
"• d’encourager les efforts de l’ensemble des États membres en matière de réinstallation, en demandantla délivrance de visas humanitaires dans les ambassades ou consulats des Étatsmembres dans les pays tiers et en insistant sur la nécessité d’une approche holistique enmatière de migrations qui prennent en compte tous les aspects de la migration, y compris lamigration économique et climatique","201.2",NA
"• de responsabiliser tous les États membres en vue de la transposition pleine et entière des instrumentsdu régime d’asile européen commun pour que les demandes d’asile reçoivent untraitement équivalent quel que soit le pays d’accueil dans l’Union","201.2",NA
"• de soutenir les actions de coopération permettant aux pays tiers de renforcer leurs capacités enmatière d’asile et de promouvoir les politiques de développement","201.2",NA
"Politique migratoire européenne","H",NA
"La définition et la mise en oeuvre d’une politique migratoire commune pour l’ensemble de l’Union européenne devront être recherchées.","602.2",NA
"Par la recherche d’une préférence européenne","H",NA
"Aux premiers pas de la construction européenne étaient mises en oeuvre desdispositions assurant une « préférence communautaire » aux productionsdes Etats membres de la CEE.","406",NA
"A l’heure où, après une période delibéralisation insuffisamment contrôlée des échanges commerciaux internationaux,se profilent des vues protectionnistes, le moment paraît venud’avancer la proposition d’une « préférence européenne » pour les productionsdes Etats membres de l’Union.","406",NA
"Fondée sur l’appel à des critères sociaux et environnementaux, la « préférenceeuropéenne » contribuerait à la protection de nos industries à l’égardd’importations favorisées par des conditions de production compatiblesavec le respect de normes sociales et environnementales satisfaisantes.","416.2",NA
"Elle favoriserait également, par un meilleur respect de ces normes,l’amélioration des conditions de travail dans les pays producteurs et un pluslarge respect des objectifs de protection de l’environnement.","403",NA
"RAPPROCHER L’EUROPE DES CITOYENS","H",NA
"L’apport des politiques européennes aux citoyens et aux territoires doit être plus clairement perçu,expliqué, justifié.","108",NA
"Un tel effet de rapprochement entre l’Europe et les citoyens peut être grandementfavorisé, en France, par la réforme du mode d’élection des représentants au Parlement européen.","202.1",NA
"Je propose que les députés européens soient élus, au scrutin proportionnel, dans des circonscriptionscorrespondant aux actuelles grandes régions.","202.1",NA
"Cette réforme aura pour prolongement naturel d’inviter les députés européens à rendre compte deleur mandat, une fois par an, devant les conseils régionaux.","202.1",NA
"Cet échange serait l’évidente occasionde faire apparaître, non seulement l’efficacité des élus au bénéfice de leurs électeurs, mais, plus généralement,l’intérêt, pour chacune des régions, des interventions de l’Europe.","202.1",NA
"Un tel lien privilégié entre l’Europe et les grandes régions trouve toute sa justification dans lesresponsabilités économiques que partagent ces deux échelons de l’action publique.","202.1",NA
"Parallèlement, je défendrai avec vigueur le maintien et le développement des politiques régionalesde l’Union, notamment celles fondées sur les interventions des fonds structurels.","301",NA
"Je m’opposerai àtoute mesure qui tendrait à substituer aux subventions les seules formes d’aide à caractère de prêts.","403",NA
"DANS L’ATTENTE D’UNE POLITIQUE DE RELATIONS EXTERIEURES ET D’UNE DIPLOMATIE EUROPEENNES, QUELLE POLITIQUE ETRANGERE POUR LA FRANCE ?","H",NA
"S’inscrivant, pour l’essentiel, dans le prolongement de la politique étrangère conduite par le PrésidentHollande, la diplomatie française devra continuer d’oeuvrer :","107",NA
"• En faveur de la paix et de la sécurité,","106",NA
"• Contre le terrorisme,","605.1",NA
"• Pour la protection, partout dans le monde, des droits de l’homme et des libertés,","201.2",NA
"• Pour un développement plus égal, par l’aide aux pays moins avancés et la coopération","107",NA
"Le changement du contexte international, la remontée en puissance des nationalismes, des populismeset de l’isolationnisme, obligent toutefois à des inflexions :La politique étrangère de la France devra se montrer plus indépendante à l’égard d’une diplomatieaméricaine hésitante, plus réaliste dans ses rapports avec d’autres puissances.","103.1",NA
"L’autoritarisme et les actions de force unilatérale de la Russie de Vladimir Poutine, ainsi, ne sauraientêtre approuvés.","202.1",NA
"Pour autant, la Russie est une grande nation européenne, avec laquelle le dialogue,même s’il doit être ferme, est indispensable.","107",NA
"L’évolution du régime turc, défavorable à la démocratie et aux libertés, de même, ne peut être considéréeavec faveur.","202.1",NA
"Mais nul ne peut oublier que la Turquie a toujours partagé une histoire commune avecl’Europe, et qu’elle a su, au XX° siècle, se rénover sur la base du principe de laïcité.","108",NA
"Le régime du momentne saurait être confondu avec ce qu’est véritablement la Turquie : une part de l’Europe, appelée àretrouver le chemin du droit et des libertés, par son intégration, le moment venu, à l’Union Européenne.","108",NA
